{
  "name": "nexus_mlp_20260328_232017",
  "version": "20260328_232017",
  "arch": "mlp",
  "created_at": "2026-03-28T23:20:17.922975",
  "metrics": {
    "train_loss": 0.05657867179675536,
    "val_loss": 0.08185206167399883,
    "test_loss": 0.07129526572922866,
    "precision": 0.15336134453781514,
    "recall": 0.7525773195876289,
    "f1": 0.2547993019197208,
    "auc_roc": 0.5907074406782338,
    "brier_score": 0.3388505150987821,
    "epochs_trained": 31,
    "best_epoch": 16,
    "training_time_sec": 8.855775594711304
  },
  "train_samples": 3500,
  "val_samples": 750,
  "test_samples": 750,
  "features": [
    "tvl_log",
    "tvl_change_1d",
    "tvl_change_7d",
    "tvl_change_30d",
    "tvl_volatility",
    "price_change_1d",
    "price_change_7d",
    "price_volatility",
    "price_crash_7d",
    "category_risk",
    "chain_count",
    "mcap_to_tvl",
    "age_days",
    "audit_score"
  ],
  "config": {
    "arch": "mlp",
    "input_dim": 14,
    "hidden_dim": 128,
    "num_layers": 3,
    "num_heads": 4,
    "dropout": 0.2,
    "batch_size": 64,
    "learning_rate": 0.001,
    "weight_decay": 0.0001,
    "epochs": 100,
    "patience": 15,
    "label_window": 30,
    "balanced_sampling": true
  },
  "checksum": "0856c4bb8cee"
}