{
  "metrics": {
    "precision": 0.7719298245614035,
    "recall": 0.4888888888888889,
    "f1": 0.5986394557823128,
    "auc": 0.8291152263374486,
    "accuracy": 0.702020202020202,
    "true_positives": 44,
    "false_positives": 13,
    "false_negatives": 46,
    "true_negatives": 95
  },
  "backtest": {
    "28-35 days": {
      "avg_score": 0.5351358652114868,
      "detection_rate": 0.625,
      "correct": 5,
      "total": 8
    },
    "0-7 days": {
      "avg_score": 0.5317372679710388,
      "detection_rate": 0.5454545454545454,
      "correct": 6,
      "total": 11
    },
    "21-28 days": {
      "avg_score": 0.5303519368171692,
      "detection_rate": 0.56,
      "correct": 14,
      "total": 25
    },
    "14-21 days": {
      "avg_score": 0.5106264352798462,
      "detection_rate": 0.4230769230769231,
      "correct": 11,
      "total": 26
    },
    "7-14 days": {
      "avg_score": 0.5056764483451843,
      "detection_rate": 0.4,
      "correct": 8,
      "total": 20
    }
  },
  "train_samples": 792,
  "test_samples": 198,
  "fixes_applied": [
    "1. Real pre-exploit data (not hardcoded)",
    "2. 660+ samples (not ~20 protocols)",
    "3. Proper train/test split (80/20 stratified)",
    "4. Better initialization (prevents collapse)",
    "5. Temporal backtesting validation",
    "6. Full metrics (AUC-ROC, Precision, Recall, F1)"
  ],
  "timestamp": "2026-03-26T01:29:55.888977"
}