{
  "metrics": {
    "precision": 0.9710144927536232,
    "recall": 0.9305555555555556,
    "f1": 0.950354609929078,
    "auc": 0.9891203703703704
  },
  "train_samples": 528,
  "test_samples": 132,
  "timestamp": "2026-03-26T01:04:12.651956"
}